# Load-mapping outcome per corpus ROM, measured 2026-08-05 over all 287.
#
# Produced by examples/probe_load_mapping via the same
# admitted_overlay_load_mappings_v1 path that raises NoUniqueAdmittedTable.
#
# The error name conflates TWO causes, which is why this file splits them:
#   ZERO_ADMITTED  admitted:0 -- no descriptor table was found at all
#   AMBIGUOUS_<n>  admitted:n -- several tables, discovery refuses to pick
#
# Totals: 26 MAPPINGS_OK, 246 ZERO_ADMITTED, 15 ambiguous.
# Ambiguity is NOT the bottleneck -- zero-admitted outnumbers it 16:1.
outcome	rom
AMBIGUOUS_12	Paper Mario (Europe) (En,Fr,De,Es)
AMBIGUOUS_2	Dual Heroes (USA)
AMBIGUOUS_2	Gex 3 - Deep Cover Gecko (Europe) (Fr,De)
AMBIGUOUS_2	Mario Party 3 (Europe) (En,Fr,De,Es)
AMBIGUOUS_2	Nagano Winter Olympics '98 (USA)
AMBIGUOUS_2	Ogre Battle 64 - Person of Lordly Caliber (USA) (Rev A)
AMBIGUOUS_2	Yoshi's Story (Europe) (En,Fr,De)
AMBIGUOUS_3	Bio F.R.E.A.K.S. (Europe)
AMBIGUOUS_3	Deadly Arts (USA)
AMBIGUOUS_3	John Romero's Daikatana (Europe) (En,Fr,De)
AMBIGUOUS_3	Mario Party 2 (Europe) (En,Fr,De,Es,It)
AMBIGUOUS_3	Pokemon Snap (France)
AMBIGUOUS_4	MRC - Multi Racing Championship (USA)
AMBIGUOUS_5	Super Smash Bros. (Europe) (En,Fr,De)
AMBIGUOUS_8	Mario Party (Europe) (En,Fr,De)
MAPPINGS_OK	Air Boarder 64 (Europe)
MAPPINGS_OK	Batman of the Future - Return of the Joker (Europe) (En,Fr,De)
MAPPINGS_OK	Big Mountain 2000 (USA)
MAPPINGS_OK	Bottom of the 9th (USA)
MAPPINGS_OK	Castlevania (Europe) (En,Fr,De)
MAPPINGS_OK	Cruis'n USA (USA) (Rev B)
MAPPINGS_OK	Dezaemon 3D (Japan)
MAPPINGS_OK	Fighter Destiny 2 (USA)
MAPPINGS_OK	Flying Dragon (USA)
MAPPINGS_OK	Gex 64 - Enter the Gecko (Europe)
MAPPINGS_OK	Kirby 64 - The Crystal Shards (Europe)
MAPPINGS_OK	Knife Edge - Nose Gunner (USA)
MAPPINGS_OK	Mario Golf (Europe)
MAPPINGS_OK	Mega Man 64 (USA)
MAPPINGS_OK	Mortal Kombat Trilogy (USA) (Rev A)
MAPPINGS_OK	NHL Blades of Steel '99 (USA)
MAPPINGS_OK	Off Road Challenge (USA)
MAPPINGS_OK	Rally Challenge 2000 (USA)
MAPPINGS_OK	SD Hiryuu no Ken Densetsu (Japan)
MAPPINGS_OK	Virtual Pro Wrestling 2 - Oudou Keishou (Japan)
MAPPINGS_OK	WCW Nitro (USA)
MAPPINGS_OK	WCW vs. nWo - World Tour (USA) (Rev A)
MAPPINGS_OK	WCW-nWo Revenge (USA)
MAPPINGS_OK	WWF No Mercy (USA) (Rev A)
MAPPINGS_OK	WWF WrestleMania 2000 (USA)
MAPPINGS_OK	Wave Race 64 (USA) (Rev A)
ZERO_ADMITTED	007 - GoldenEye (Europe)
ZERO_ADMITTED	007 - The World Is Not Enough (Europe) (En,Fr,De)
ZERO_ADMITTED	1080 TenEighty Snowboarding (Japan, USA) (En,Ja)
ZERO_ADMITTED	AeroGauge (USA)
ZERO_ADMITTED	All Star Tennis 99 (USA)
ZERO_ADMITTED	Armorines - Project S.W.A.R.M. (USA)
ZERO_ADMITTED	Army Men - Air Combat (USA)
ZERO_ADMITTED	Army Men - Sarge's Heroes (USA)
ZERO_ADMITTED	Army Men - Sarge's Heroes 2 (USA)
ZERO_ADMITTED	Asteroids Hyper 64 (USA)
ZERO_ADMITTED	Automobili Lamborghini (USA)
ZERO_ADMITTED	Bakuretsu Muteki Bangaioh (Japan)
ZERO_ADMITTED	Banjo-Kazooie (Europe) (En,Fr,De)
ZERO_ADMITTED	Banjo-Tooie (Europe) (En,Fr,De,Es)
ZERO_ADMITTED	Bassmasters 2000 (USA)
ZERO_ADMITTED	BattleTanx (USA)
ZERO_ADMITTED	BattleTanx - Global Assault (USA)
ZERO_ADMITTED	Battlezone - Rise of the Black Dogs (USA)
ZERO_ADMITTED	Beetle Adventure Racing! (USA) (En,Fr,De)
ZERO_ADMITTED	Blast Corps (USA) (Rev A)
ZERO_ADMITTED	Blues Brothers 2000 (Europe) (En,Fr,De,Es,It,Nl)
ZERO_ADMITTED	Body Harvest (Europe) (En,Fr,De)
ZERO_ADMITTED	Bomberman 64 (USA)
ZERO_ADMITTED	Bomberman 64 - The Second Attack! (USA)
ZERO_ADMITTED	Bomberman Hero (Europe)
ZERO_ADMITTED	Brunswick Circuit Pro Bowling (USA)
ZERO_ADMITTED	Buck Bumble (USA)
ZERO_ADMITTED	Bug's Life, A (France)
ZERO_ADMITTED	Bust-A-Move '99 (USA)
ZERO_ADMITTED	Bust-A-Move 2 - Arcade Edition (USA)
ZERO_ADMITTED	California Speed (USA)
ZERO_ADMITTED	Carmageddon 64 (Europe) (En,Fr,De,Es)
ZERO_ADMITTED	Castlevania - Legacy of Darkness (Europe) (En,Fr,De)
ZERO_ADMITTED	Centre Court Tennis (Europe)
ZERO_ADMITTED	Chameleon Twist (USA) (Rev A)
ZERO_ADMITTED	Chameleon Twist 2 (USA)
ZERO_ADMITTED	Charlie Blast's Territory (USA)
ZERO_ADMITTED	Chopper Attack (USA)
ZERO_ADMITTED	Choro Q 64 2 - Hacha Mecha Grand Prix Race (Japan)
ZERO_ADMITTED	Clay Fighter - Sculptor's Cut (USA)
ZERO_ADMITTED	Clay Fighter 63 1-3 (USA)
ZERO_ADMITTED	Command & Conquer (Europe) (En,Fr)
ZERO_ADMITTED	Conker's Bad Fur Day (U) [Trad-FR]
ZERO_ADMITTED	Conker's Bad Fur Day (Uncensored)
ZERO_ADMITTED	Cruis'n Exotica (USA)
ZERO_ADMITTED	Cruis'n World (USA)
ZERO_ADMITTED	CyberTiger (USA)
ZERO_ADMITTED	Dark Rift (USA)
ZERO_ADMITTED	Densha de Go! 64 (Japan)
ZERO_ADMITTED	Destruction Derby 64 (USA)
ZERO_ADMITTED	Diddy Kong Racing (USA) (En,Fr) (Rev A)
ZERO_ADMITTED	Dinomod_Enhanced_2022-09-08
ZERO_ADMITTED	Donald Duck - Goin' Quackers (USA) (En,Fr,De,Es,It)
ZERO_ADMITTED	Donkey Kong 64 (Europe) (En,Fr,De,Es)
ZERO_ADMITTED	Doom 64 (USA) (Rev A)
ZERO_ADMITTED	Dr. Mario 64 (USA)
ZERO_ADMITTED	Dragon Sword 64 (USA) (Proto)
ZERO_ADMITTED	Duck Dodgers Starring Daffy Duck (USA) (En,Fr,Es)
ZERO_ADMITTED	Duke Nukem - Zero Hour (France)
ZERO_ADMITTED	Duke Nukem 64 (France)
ZERO_ADMITTED	ECW Hardcore Revolution (USA)
ZERO_ADMITTED	Earthworm Jim 3D (Europe) (En,Fr,De,Es,It)
ZERO_ADMITTED	Excitebike 64 (USA) (Rev A)
ZERO_ADMITTED	Extreme-G (USA)
ZERO_ADMITTED	F-1 World Grand Prix (France)
ZERO_ADMITTED	F-1 World Grand Prix II (Europe) (En,Fr,De,Es)
ZERO_ADMITTED	F-Zero X (USA)
ZERO_ADMITTED	F1 Pole Position 64 (USA) (En,Fr,De)
ZERO_ADMITTED	F1 Racing Championship (Europe) (En,Fr,De,Es,It)
ZERO_ADMITTED	FIFA - Road to World Cup 98 (USA) (En,Fr,De,Es,It,Nl,Sv)
ZERO_ADMITTED	FIFA 99 (USA) (En,Fr,De,Es,It,Nl,Pt,Sv)
ZERO_ADMITTED	FIFA Soccer 64 (USA) (En,Fr,De)
ZERO_ADMITTED	Fighters Destiny (USA)
ZERO_ADMITTED	Fighting Force 64 (USA)
ZERO_ADMITTED	Forsaken 64 (USA)
ZERO_ADMITTED	Fox Sports College Hoops '99 (USA)
ZERO_ADMITTED	GT64 - Championship Edition (USA)
ZERO_ADMITTED	Gauntlet Legends (Europe)
ZERO_ADMITTED	Glover (USA)
ZERO_ADMITTED	Goemon's Great Adventure (USA)
ZERO_ADMITTED	Harvest Moon 64 (USA)
ZERO_ADMITTED	Hercules - The Legendary Journeys (Europe) (En,Fr,De,Es,It,Nl)
ZERO_ADMITTED	Hexen (France)
ZERO_ADMITTED	Hot Wheels - Turbo Racing (USA)
ZERO_ADMITTED	Hybrid Heaven (USA)
ZERO_ADMITTED	Hydro Thunder (USA)
ZERO_ADMITTED	Iggy's Reckin' Balls (USA)
ZERO_ADMITTED	In-Fisherman - Bass Hunter 64 (USA)
ZERO_ADMITTED	Indiana Jones and the Infernal Machine (USA)
ZERO_ADMITTED	Indy Racing 2000 (USA)
ZERO_ADMITTED	International Superstar Soccer '98 (USA)
ZERO_ADMITTED	International Superstar Soccer 2000 (Europe) (Fr,It)
ZERO_ADMITTED	International Superstar Soccer 64 (USA)
ZERO_ADMITTED	International Track & Field 2000 (USA)
ZERO_ADMITTED	Jeremy McGrath Supercross 2000 (USA)
ZERO_ADMITTED	Jet Force Gemini (Europe) (En,Fr,De,Es)
ZERO_ADMITTED	Ken Griffey Jr.'s Slugfest (USA)
ZERO_ADMITTED	Killer Instinct Gold (USA) (Rev B)
ZERO_ADMITTED	Knockout Kings 2000 (USA)
ZERO_ADMITTED	Kobe Bryant's NBA Courtside (USA)
ZERO_ADMITTED	LEGO Racers (USA) (En,Fr,De,Es,It,Nl,Sv,No,Da,Fi)
ZERO_ADMITTED	Legend of Zelda, The - Majora's Mask (Europe) (En,Fr,De,Es) (Rev A)
ZERO_ADMITTED	Legend of Zelda, The - Ocarina of Time (Europe) (En,Fr,De) (Rev A)
ZERO_ADMITTED	Lode Runner 3-D (USA)
ZERO_ADMITTED	Lylat Wars (Europe) (En,Fr,De)
ZERO_ADMITTED	Mace - The Dark Age (USA)
ZERO_ADMITTED	Madden Football 64 (USA)
ZERO_ADMITTED	Magical Tetris Challenge (USA)
ZERO_ADMITTED	Mario Kart 64 (Europe) (Rev A)
ZERO_ADMITTED	Mario Tennis (Europe)
ZERO_ADMITTED	Mia Hamm Soccer 64 (USA) (En,Es)
ZERO_ADMITTED	Mickey's Speedway USA (Europe) (En,Fr,De,Es,It)
ZERO_ADMITTED	Micro Machines 64 Turbo (USA)
ZERO_ADMITTED	Midway's Greatest Arcade Hits - Volume 1 (USA)
ZERO_ADMITTED	Mike Piazza's StrikeZone (USA)
ZERO_ADMITTED	Milo's Astro Lanes (USA)
ZERO_ADMITTED	Mischief Makers (USA) (Rev A)
ZERO_ADMITTED	Mission Impossible (France)
ZERO_ADMITTED	Monaco Grand Prix (USA)
ZERO_ADMITTED	Monster Truck Madness 64 (USA)
ZERO_ADMITTED	Mortal Kombat 4 (USA)
ZERO_ADMITTED	Mortal Kombat Mythologies - Sub-Zero (USA)
ZERO_ADMITTED	Ms. Pac-Man - Maze Madness (USA)
ZERO_ADMITTED	Mystical Ninja Starring Goemon (Europe)
ZERO_ADMITTED	NASCAR 2000 (USA)
ZERO_ADMITTED	NASCAR 99 (USA)
ZERO_ADMITTED	NBA Courtside 2 featuring Kobe Bryant (USA)
ZERO_ADMITTED	NBA Hangtime (USA)
ZERO_ADMITTED	NBA Jam 2000 (USA)
ZERO_ADMITTED	NBA Jam 99 (USA)
ZERO_ADMITTED	NBA Live 2000 (USA) (En,Fr,De,Es)
ZERO_ADMITTED	NBA Live 99 (USA) (En,Fr,De,Es,It)
ZERO_ADMITTED	NBA Showtime - NBA on NBC (USA)
ZERO_ADMITTED	NBA in the Zone '98 (USA)
ZERO_ADMITTED	NBA in the Zone '99 (USA)
ZERO_ADMITTED	NBA in the Zone 2000 (USA)
ZERO_ADMITTED	NHL 99 (USA)
ZERO_ADMITTED	NHL Breakaway 98 (USA)
ZERO_ADMITTED	NHL Breakaway 99 (USA)
ZERO_ADMITTED	Namco Museum 64 (USA)
ZERO_ADMITTED	New Tetris, The (USA)
ZERO_ADMITTED	Nightmare Creatures (USA)
ZERO_ADMITTED	Nuclear Strike 64 (USA)
ZERO_ADMITTED	Olympic Hockey 98 (USA)
ZERO_ADMITTED	PGA European Tour (USA)
ZERO_ADMITTED	Paperboy (USA)
ZERO_ADMITTED	Penny Racers (USA)
ZERO_ADMITTED	Perfect Dark (Europe) (En,Fr,De,Es,It)
ZERO_ADMITTED	Pilotwings 64 (Europe) (En,Fr,De)
ZERO_ADMITTED	Pokemon Puzzle League (France)
ZERO_ADMITTED	Pokemon Stadium (France)
ZERO_ADMITTED	Pokemon Stadium 2 (France)
ZERO_ADMITTED	Polaris SnoCross (USA)
ZERO_ADMITTED	Power Rangers - Lightspeed Rescue (USA)
ZERO_ADMITTED	Powerpuff Girls, The - Chemical X-Traction (USA)
ZERO_ADMITTED	Puyo Puyo 4 - Puyo Puyon Party (Japan)
ZERO_ADMITTED	Quake 64 (USA)
ZERO_ADMITTED	Quake II (USA)
ZERO_ADMITTED	Quest 64 (USA)
ZERO_ADMITTED	RR64 - Ridge Racer 64 (USA)
ZERO_ADMITTED	Rampage - World Tour (USA)
ZERO_ADMITTED	Rampage 2 - Universal Tour (USA)
ZERO_ADMITTED	Rat Attack! (USA) (En,Fr,De,Es,It,Nl)
ZERO_ADMITTED	Rayman 2 - The Great Escape (USA) (En,Fr,De,Es,It)
ZERO_ADMITTED	Razmoket, Les - La Chasse aux Tresors (France)
ZERO_ADMITTED	Razor Freestyle Scooter (USA)
ZERO_ADMITTED	Re-Volt (USA)
ZERO_ADMITTED	Ready 2 Rumble Boxing (Europe) (En,Fr,De)
ZERO_ADMITTED	Ready 2 Rumble Boxing (USA)
ZERO_ADMITTED	Resident Evil 2 (Europe) (En,Fr)
ZERO_ADMITTED	Road Rash 64 (USA)
ZERO_ADMITTED	Roadsters (USA) (En,Fr,Es)
ZERO_ADMITTED	Robotron 64 (USA)
ZERO_ADMITTED	Rocket - Robot on Wheels (USA)
ZERO_ADMITTED	Rugrats in Paris - The Movie (Europe)
ZERO_ADMITTED	Rush 2 - Extreme Racing USA (USA)
ZERO_ADMITTED	S.C.A.R.S. (USA)
ZERO_ADMITTED	San Francisco Rush - Extreme Racing (USA) (En,Fr,De) (Rev A)
ZERO_ADMITTED	San Francisco Rush 2049 (USA)
ZERO_ADMITTED	Scooby-Doo! - Classic Creep Capers (Europe)
ZERO_ADMITTED	Shadow Man (France)
ZERO_ADMITTED	Shadowgate 64 - Trials of the Four Towers (Europe) (Fr,De,Nl)
ZERO_ADMITTED	Sin and Punishment - Successor of the Earth (Japan) [Trad-En]
ZERO_ADMITTED	Snowboard Kids (USA)
ZERO_ADMITTED	Snowboard Kids 2 (USA)
ZERO_ADMITTED	South Park (Europe) (En,Fr,Es)
ZERO_ADMITTED	South Park - Chef's Luv Shack (USA)
ZERO_ADMITTED	South Park Rally (Europe)
ZERO_ADMITTED	Space Invaders (USA)
ZERO_ADMITTED	SpaceStation Silicon Valley (USA)
ZERO_ADMITTED	Spider-Man (USA)
ZERO_ADMITTED	Star Soldier - Vanishing Earth (USA)
ZERO_ADMITTED	Star Wars - Rogue Squadron (Europe) (En,Fr,De) (Rev A)
ZERO_ADMITTED	Star Wars - Shadows of the Empire (Europe)
ZERO_ADMITTED	Star Wars Episode I - Battle for Naboo (Europe)
ZERO_ADMITTED	Star Wars Episode I - Racer (Europe) (En,Fr,De)
ZERO_ADMITTED	StarCraft 64 (USA)
ZERO_ADMITTED	Starshot - Space Circus Fever (USA) (En,Fr,Es)
ZERO_ADMITTED	Stunt Racer 64 (USA)
ZERO_ADMITTED	Super Bowling (USA)
ZERO_ADMITTED	Super Mario 64 (Europe) (En,Fr,De)
ZERO_ADMITTED	Super Mario 64 (USA)
ZERO_ADMITTED	Supercross 2000 (USA)
ZERO_ADMITTED	Superman (Europe) (En,Fr,De,Es,It,Nl)
ZERO_ADMITTED	Tarzan (France)
ZERO_ADMITTED	Taz Express (Europe) (En,Fr,De,Es,It,Nl)
ZERO_ADMITTED	Tetrisphere (USA)
ZERO_ADMITTED	Tigger's Honey Hunt (USA)
ZERO_ADMITTED	Tom Clancy's Rainbow Six (France)
ZERO_ADMITTED	Tom and Jerry in Fists of Furry (Europe) (En,Fr,De,Es,It,Nl)
ZERO_ADMITTED	Tonic Trouble (Europe) (En,Fr,De,Es,It)
ZERO_ADMITTED	Tony Hawk's Pro Skater (USA) (Rev A)
ZERO_ADMITTED	Tony Hawk's Pro Skater 2 (USA)
ZERO_ADMITTED	Tony Hawk's Pro Skater 3 (USA)
ZERO_ADMITTED	Top Gear Hyper-Bike (USA)
ZERO_ADMITTED	Top Gear Overdrive (USA)
ZERO_ADMITTED	Top Gear Rally (USA)
ZERO_ADMITTED	Top Gear Rally 2 (USA)
ZERO_ADMITTED	Toy Story 2 - Buzz l'Eclair a la Rescousse! (France)
ZERO_ADMITTED	Transformers - Beast Wars Transmetals (USA)
ZERO_ADMITTED	Triple Play 2000 (USA)
ZERO_ADMITTED	Turok - Dinosaur Hunter (Europe) (Rev A)
ZERO_ADMITTED	Turok - Rage Wars (Europe) (En,Fr,It)
ZERO_ADMITTED	Turok 2 - Seeds of Evil (Europe) (En,Fr,Es,It)
ZERO_ADMITTED	Turok 3 - Shadow of Oblivion (Europe)
ZERO_ADMITTED	Twisted Edge - Extreme Snowboarding (USA)
ZERO_ADMITTED	V-Rally Edition 99 (Europe) (En,Fr,De)
ZERO_ADMITTED	Viewpoint 2064 (USA) (Unreleased)
ZERO_ADMITTED	Vigilante 8 (France)
ZERO_ADMITTED	Vigilante 8 - 2nd Offense (USA)
ZERO_ADMITTED	Virtual Pool 64 (USA)
ZERO_ADMITTED	WCW Backstage Assault (USA)
ZERO_ADMITTED	WCW Mayhem (USA)
ZERO_ADMITTED	WWF Attitude (USA)
ZERO_ADMITTED	WWF War Zone (USA)
ZERO_ADMITTED	Waialae Country Club - True Golf Classics (USA) (Rev A)
ZERO_ADMITTED	War Gods (Europe)
ZERO_ADMITTED	Wayne Gretzky's 3D Hockey '98 (USA)
ZERO_ADMITTED	Wayne Gretzky's 3D Hockey (USA) (Rev A)
ZERO_ADMITTED	Wetrix (USA) (En,Fr,De,Es,It,Nl)
ZERO_ADMITTED	WinBack - Covert Operations (USA)
ZERO_ADMITTED	Wipeout 64 (Europe)
ZERO_ADMITTED	World Cup 98 (USA) (En,Fr,De,Es,It,Nl,Sv,Da)
ZERO_ADMITTED	World Driver Championship (USA)
ZERO_ADMITTED	Worms Armageddon (USA) (En,Fr,Es)
ZERO_ADMITTED	Xena - Warrior Princess - The Talisman of Fate (Europe)
