# Executable-code span locality per corpus ROM, measured 2026-08-05.
#
# Produced by examples/probe_code_span_locality.rs. Clusters JR RA
# (0x03e00008) sites into spans, splitting on gaps > 0x40000, and reports
# what fraction of them fall in the largest span.
#
#   SINGLE_BANK          >=95% in one span  232 ROMs
#   MOSTLY_SINGLE_BANK   >=80% in one span   23 ROMs
#   MULTI_SPAN           otherwise           32 ROMs
#
# WHY THIS IS WORTH RECORDING ONCE: DiscoveryStrategy::BootBankOnly
# (lib.rs:885) is a single verdict covering both 'this ROM has no overlays,
# nothing to find' and 'this ROM has overlays we failed to find'. This is a
# PERMANENT property of the ROM, so it separates the two:
#
#   NO_CANDIDATES and single/mostly-single bank   208  <- COMPLETE
#   NO_CANDIDATES and genuinely MULTI_SPAN         21  <- real misses
#
# The remaining overlay-discovery gap is therefore ~21 ROMs, not 229.
# Cross-check against corpus-zero-admitted-cause.tsv reproduces this.
class	rom	detail
MOSTLY_SINGLE_BANK	1080 TenEighty Snowboarding (Japan, USA) (En,Ja)	jr_ra=2988 spans=4 concentration=0.84 largest=[0xdd0a6c,0xe5a368)
MOSTLY_SINGLE_BANK	Body Harvest (Europe) (En,Fr,De)	jr_ra=3405 spans=6 concentration=0.88 largest=[0x878,0x1967cc)
MOSTLY_SINGLE_BANK	Chameleon Twist 2 (USA)	jr_ra=2638 spans=2 concentration=0.94 largest=[0x878,0xc73e0)
MOSTLY_SINGLE_BANK	Conker's Bad Fur Day (U) [Trad-FR]	jr_ra=719 spans=2 concentration=0.93 largest=[0x97c,0x3bd70)
MOSTLY_SINGLE_BANK	Conker's Bad Fur Day (Uncensored)	jr_ra=719 spans=2 concentration=0.93 largest=[0x97c,0x3bd70)
MOSTLY_SINGLE_BANK	Dinomod_Enhanced_2022-09-08	jr_ra=11589 spans=2 concentration=0.84 largest=[0x38319c4,0x3b0d278)
MOSTLY_SINGLE_BANK	Duck Dodgers Starring Daffy Duck (USA) (En,Fr,Es)	jr_ra=543 spans=4 concentration=0.95 largest=[0x878,0x1f214)
MOSTLY_SINGLE_BANK	Hybrid Heaven (USA)	jr_ra=1056 spans=2 concentration=0.90 largest=[0x878,0x37284)
MOSTLY_SINGLE_BANK	Indy Racing 2000 (USA)	jr_ra=3074 spans=2 concentration=0.82 largest=[0x856efc,0x9c0cfc)
MOSTLY_SINGLE_BANK	International Superstar Soccer 2000 (Europe) (Fr,It)	jr_ra=13325 spans=2 concentration=0.83 largest=[0x25ac20,0x581174)
MOSTLY_SINGLE_BANK	John Romero's Daikatana (Europe) (En,Fr,De)	jr_ra=2066 spans=3 concentration=0.85 largest=[0x878,0xec8f4)
MOSTLY_SINGLE_BANK	Legend of Zelda, The - Majora's Mask (Europe) (En,Fr,De,Es) (Rev A)	jr_ra=626 spans=4 concentration=0.84 largest=[0x97c,0x17b94)
MOSTLY_SINGLE_BANK	NBA Jam 2000 (USA)	jr_ra=1847 spans=2 concentration=0.93 largest=[0xe8bf20,0xfc8a58)
MOSTLY_SINGLE_BANK	Off Road Challenge (USA)	jr_ra=1513 spans=2 concentration=0.85 largest=[0x878,0x6c760)
MOSTLY_SINGLE_BANK	Perfect Dark (Europe) (En,Fr,De,Es,It)	jr_ra=67 spans=2 concentration=0.88 largest=[0x97c,0x3010)
MOSTLY_SINGLE_BANK	Quest 64 (USA)	jr_ra=1020 spans=4 concentration=0.89 largest=[0x878,0x4c144)
MOSTLY_SINGLE_BANK	Rampage - World Tour (USA)	jr_ra=3527 spans=2 concentration=0.89 largest=[0x878,0x76e34)
MOSTLY_SINGLE_BANK	Shadow Man (France)	jr_ra=2915 spans=2 concentration=0.82 largest=[0x1dad944,0x1e6f230)
MOSTLY_SINGLE_BANK	Snowboard Kids 2 (USA)	jr_ra=3057 spans=2 concentration=0.85 largest=[0x878,0xb7dbc)
MOSTLY_SINGLE_BANK	Super Mario 64 (Europe) (En,Fr,De)	jr_ra=5050 spans=2 concentration=0.84 largest=[0x878,0xd8394)
MOSTLY_SINGLE_BANK	Super Mario 64 (USA)	jr_ra=5198 spans=2 concentration=0.84 largest=[0x878,0x102d00)
MOSTLY_SINGLE_BANK	Transformers - Beast Wars Transmetals (USA)	jr_ra=3695 spans=3 concentration=0.94 largest=[0x878,0xe55bc)
MOSTLY_SINGLE_BANK	Wave Race 64 (USA) (Rev A)	jr_ra=1541 spans=2 concentration=0.88 largest=[0x878,0xcae64)
MULTI_SPAN	Battlezone - Rise of the Black Dogs (USA)	jr_ra=5167 spans=3 concentration=0.72 largest=[0xdfe34,0x18c37c)
MULTI_SPAN	Big Mountain 2000 (USA)	jr_ra=1468 spans=2 concentration=0.59 largest=[0x878,0x7670c)
MULTI_SPAN	Castlevania (Europe) (En,Fr,De)	jr_ra=5096 spans=3 concentration=0.72 largest=[0x878,0xee9b4)
MULTI_SPAN	Castlevania - Legacy of Darkness (Europe) (En,Fr,De)	jr_ra=6292 spans=2 concentration=0.64 largest=[0x878,0x10e584)
MULTI_SPAN	Command & Conquer (Europe) (En,Fr)	jr_ra=4039 spans=2 concentration=0.64 largest=[0x878,0x90d6c)
MULTI_SPAN	Deadly Arts (USA)	jr_ra=2686 spans=5 concentration=0.66 largest=[0x352844,0x4ac0cc)
MULTI_SPAN	Dezaemon 3D (Japan)	jr_ra=1392 spans=9 concentration=0.58 largest=[0x878,0xcd5d4)
MULTI_SPAN	GT64 - Championship Edition (USA)	jr_ra=2238 spans=2 concentration=0.68 largest=[0x878,0x66ce0)
MULTI_SPAN	International Superstar Soccer '98 (USA)	jr_ra=8245 spans=2 concentration=0.58 largest=[0x878,0x13dcf4)
MULTI_SPAN	International Superstar Soccer 64 (USA)	jr_ra=6344 spans=2 concentration=0.52 largest=[0xdd5d8,0x1ed0a8)
MULTI_SPAN	Jeremy McGrath Supercross 2000 (USA)	jr_ra=272 spans=2 concentration=0.74 largest=[0xe02bb8,0xe6b6b4)
MULTI_SPAN	Jet Force Gemini (Europe) (En,Fr,De,Es)	jr_ra=3451 spans=2 concentration=0.60 largest=[0x97c,0xa1210)
MULTI_SPAN	Knife Edge - Nose Gunner (USA)	jr_ra=1210 spans=6 concentration=0.55 largest=[0x878,0x42950)
MULTI_SPAN	Legend of Zelda, The - Ocarina of Time (Europe) (En,Fr,De) (Rev A)	jr_ra=199 spans=5 concentration=0.75 largest=[0x97c,0x7194)
MULTI_SPAN	Mickey's Speedway USA (Europe) (En,Fr,De,Es,It)	jr_ra=2545 spans=2 concentration=0.65 largest=[0x97c,0x79960)
MULTI_SPAN	Mischief Makers (USA) (Rev A)	jr_ra=5407 spans=2 concentration=0.54 largest=[0x67dc20,0x7eadd0)
MULTI_SPAN	Mystical Ninja Starring Goemon (Europe)	jr_ra=1841 spans=3 concentration=0.76 largest=[0x878,0x55314)
MULTI_SPAN	NBA in the Zone '99 (USA)	jr_ra=3820 spans=2 concentration=0.74 largest=[0x878,0xc8a6c)
MULTI_SPAN	NBA in the Zone 2000 (USA)	jr_ra=4095 spans=2 concentration=0.56 largest=[0xb3864,0x1594ec)
MULTI_SPAN	Paper Mario (Europe) (En,Fr,De,Es)	jr_ra=12549 spans=3 concentration=0.52 largest=[0x84cf90,0xe9e380)
MULTI_SPAN	Pokemon Snap (France)	jr_ra=4729 spans=18 concentration=0.33 largest=[0x86c,0x63930)
MULTI_SPAN	Pokemon Stadium (France)	jr_ra=8361 spans=3 concentration=0.74 largest=[0x1087f4,0x3ac370)
MULTI_SPAN	RR64 - Ridge Racer 64 (USA)	jr_ra=1110 spans=13 concentration=0.72 largest=[0x878,0x80254)
MULTI_SPAN	Roadsters (USA) (En,Fr,Es)	jr_ra=892 spans=2 concentration=0.75 largest=[0x878,0x63354)
MULTI_SPAN	Sin and Punishment - Successor of the Earth (Japan) [Trad-En]	jr_ra=6295 spans=10 concentration=0.34 largest=[0x878,0xbb644)
MULTI_SPAN	South Park - Chef's Luv Shack (USA)	jr_ra=293 spans=2 concentration=0.75 largest=[0xedbeb8,0xf53384)
MULTI_SPAN	SpaceStation Silicon Valley (USA)	jr_ra=2221 spans=3 concentration=0.70 largest=[0x6a77f4,0x7b1b84)
MULTI_SPAN	Turok 2 - Seeds of Evil (Europe) (En,Fr,Es,It)	jr_ra=3817 spans=2 concentration=0.75 largest=[0x878,0xd6004)
MULTI_SPAN	Viewpoint 2064 (USA) (Unreleased)	jr_ra=3809 spans=2 concentration=0.74 largest=[0x878,0xd40c4)
MULTI_SPAN	WCW Mayhem (USA)	jr_ra=978 spans=3 concentration=0.79 largest=[0x878,0x3842c)
MULTI_SPAN	WCW vs. nWo - World Tour (USA) (Rev A)	jr_ra=2108 spans=2 concentration=0.63 largest=[0xa21958,0xabf848)
MULTI_SPAN	Yoshi's Story (Europe) (En,Fr,De)	jr_ra=11929 spans=3 concentration=0.41 largest=[0xba4b18,0xd5e580)
SINGLE_BANK	007 - GoldenEye (Europe)	jr_ra=3894 spans=1 concentration=1.00 largest=[0x878,0x1047e0)
SINGLE_BANK	007 - The World Is Not Enough (Europe) (En,Fr,De)	jr_ra=2093 spans=2 concentration=1.00 largest=[0x878,0xf9d0c)
SINGLE_BANK	AeroGauge (USA)	jr_ra=1424 spans=1 concentration=1.00 largest=[0x878,0x7f484)
SINGLE_BANK	Air Boarder 64 (Europe)	jr_ra=959 spans=1 concentration=1.00 largest=[0x878,0xa3ed4)
SINGLE_BANK	All Star Tennis 99 (USA)	jr_ra=644 spans=1 concentration=1.00 largest=[0x878,0x4f454)
SINGLE_BANK	Armorines - Project S.W.A.R.M. (USA)	jr_ra=4270 spans=1 concentration=1.00 largest=[0x878,0xfd314)
SINGLE_BANK	Army Men - Air Combat (USA)	jr_ra=2287 spans=1 concentration=1.00 largest=[0x878,0xafcd4)
SINGLE_BANK	Army Men - Sarge's Heroes (USA)	jr_ra=2306 spans=2 concentration=0.98 largest=[0x878,0x96634)
SINGLE_BANK	Army Men - Sarge's Heroes 2 (USA)	jr_ra=2379 spans=2 concentration=0.99 largest=[0x878,0xa59b8)
SINGLE_BANK	Asteroids Hyper 64 (USA)	jr_ra=1352 spans=1 concentration=1.00 largest=[0x878,0x6ea0c)
SINGLE_BANK	Automobili Lamborghini (USA)	jr_ra=724 spans=2 concentration=1.00 largest=[0x878,0x88ce4)
SINGLE_BANK	Bakuretsu Muteki Bangaioh (Japan)	jr_ra=1617 spans=1 concentration=1.00 largest=[0x878,0x94674)
SINGLE_BANK	Banjo-Kazooie (Europe) (En,Fr,De)	jr_ra=82 spans=1 concentration=1.00 largest=[0x86c,0x5bd4)
SINGLE_BANK	Banjo-Tooie (Europe) (En,Fr,De,Es)	jr_ra=85 spans=1 concentration=1.00 largest=[0x97c,0x4df4)
SINGLE_BANK	Bassmasters 2000 (USA)	jr_ra=881 spans=1 concentration=1.00 largest=[0x878,0x6b8d4)
SINGLE_BANK	Batman of the Future - Return of the Joker (Europe) (En,Fr,De)	jr_ra=1596 spans=1 concentration=1.00 largest=[0x878,0xf2f20)
SINGLE_BANK	BattleTanx (USA)	jr_ra=1794 spans=1 concentration=1.00 largest=[0x878,0xb5548)
SINGLE_BANK	BattleTanx - Global Assault (USA)	jr_ra=1901 spans=1 concentration=1.00 largest=[0x878,0xa4494)
SINGLE_BANK	Beetle Adventure Racing! (USA) (En,Fr,De)	jr_ra=3701 spans=1 concentration=1.00 largest=[0x878,0x1869d4)
SINGLE_BANK	Bio F.R.E.A.K.S. (Europe)	jr_ra=2460 spans=1 concentration=1.00 largest=[0x878,0xfe050)
SINGLE_BANK	Blast Corps (USA) (Rev A)	jr_ra=69 spans=1 concentration=1.00 largest=[0x878,0x4a34)
SINGLE_BANK	Blues Brothers 2000 (Europe) (En,Fr,De,Es,It,Nl)	jr_ra=2281 spans=1 concentration=1.00 largest=[0x878,0xab084)
SINGLE_BANK	Bomberman 64 (USA)	jr_ra=2563 spans=2 concentration=0.99 largest=[0x878,0xb90a4)
SINGLE_BANK	Bomberman 64 - The Second Attack! (USA)	jr_ra=2569 spans=3 concentration=0.99 largest=[0x878,0x8e574)
SINGLE_BANK	Bomberman Hero (Europe)	jr_ra=5551 spans=1 concentration=1.00 largest=[0x878,0x20f55c)
SINGLE_BANK	Bottom of the 9th (USA)	jr_ra=2140 spans=1 concentration=1.00 largest=[0x878,0x1114b0)
SINGLE_BANK	Brunswick Circuit Pro Bowling (USA)	jr_ra=1829 spans=1 concentration=1.00 largest=[0x878,0x71aa4)
SINGLE_BANK	Buck Bumble (USA)	jr_ra=2117 spans=1 concentration=1.00 largest=[0x878,0xa8198)
SINGLE_BANK	Bug's Life, A (France)	jr_ra=1015 spans=1 concentration=1.00 largest=[0x878,0xa9454)
SINGLE_BANK	Bust-A-Move '99 (USA)	jr_ra=1032 spans=2 concentration=0.99 largest=[0x7f89c,0xb8fb4)
SINGLE_BANK	Bust-A-Move 2 - Arcade Edition (USA)	jr_ra=1687 spans=1 concentration=1.00 largest=[0x878,0x7c674)
SINGLE_BANK	California Speed (USA)	jr_ra=1425 spans=1 concentration=1.00 largest=[0x878,0x9b6f0)
SINGLE_BANK	Carmageddon 64 (Europe) (En,Fr,De,Es)	jr_ra=1191 spans=1 concentration=1.00 largest=[0x878,0x90f20)
SINGLE_BANK	Centre Court Tennis (Europe)	jr_ra=2420 spans=1 concentration=1.00 largest=[0x878,0xa0fd4)
SINGLE_BANK	Chameleon Twist (USA) (Rev A)	jr_ra=2149 spans=1 concentration=1.00 largest=[0x878,0xc81e4)
SINGLE_BANK	Charlie Blast's Territory (USA)	jr_ra=948 spans=1 concentration=1.00 largest=[0x878,0x66710)
SINGLE_BANK	Chopper Attack (USA)	jr_ra=1032 spans=1 concentration=1.00 largest=[0x878,0x670e4)
SINGLE_BANK	Choro Q 64 2 - Hacha Mecha Grand Prix Race (Japan)	jr_ra=1784 spans=1 concentration=1.00 largest=[0x878,0xc4b20)
SINGLE_BANK	Clay Fighter - Sculptor's Cut (USA)	jr_ra=1063 spans=1 concentration=1.00 largest=[0x878,0xaa8a0)
SINGLE_BANK	Clay Fighter 63 1-3 (USA)	jr_ra=1055 spans=1 concentration=1.00 largest=[0x878,0xd9010)
SINGLE_BANK	Cruis'n Exotica (USA)	jr_ra=956 spans=1 concentration=1.00 largest=[0x878,0x74688)
SINGLE_BANK	Cruis'n USA (USA) (Rev B)	jr_ra=1557 spans=1 concentration=1.00 largest=[0x878,0x80474)
SINGLE_BANK	Cruis'n World (USA)	jr_ra=1809 spans=1 concentration=1.00 largest=[0x8b0,0xbfe88)
SINGLE_BANK	CyberTiger (USA)	jr_ra=1412 spans=1 concentration=1.00 largest=[0x878,0xae0b4)
SINGLE_BANK	Dark Rift (USA)	jr_ra=1202 spans=1 concentration=1.00 largest=[0x878,0x491a4)
SINGLE_BANK	Densha de Go! 64 (Japan)	jr_ra=1945 spans=1 concentration=1.00 largest=[0x878,0xb00ec)
SINGLE_BANK	Destruction Derby 64 (USA)	jr_ra=1584 spans=2 concentration=1.00 largest=[0x878,0x7f130)
SINGLE_BANK	Diddy Kong Racing (USA) (En,Fr) (Rev A)	jr_ra=2228 spans=1 concentration=1.00 largest=[0x86c,0xdd3f0)
SINGLE_BANK	Donald Duck - Goin' Quackers (USA) (En,Fr,De,Es,It)	jr_ra=3131 spans=1 concentration=1.00 largest=[0x878,0xcb21c)
SINGLE_BANK	Donkey Kong 64 (Europe) (En,Fr,De,Es)	jr_ra=261 spans=1 concentration=1.00 largest=[0x97c,0x1192c)
SINGLE_BANK	Doom 64 (USA) (Rev A)	jr_ra=1165 spans=1 concentration=1.00 largest=[0x878,0x4d1e4)
SINGLE_BANK	Dr. Mario 64 (USA)	jr_ra=276 spans=1 concentration=1.00 largest=[0x878,0xed88)
SINGLE_BANK	Dragon Sword 64 (USA) (Proto)	jr_ra=1654 spans=1 concentration=1.00 largest=[0x878,0xdcb84)
SINGLE_BANK	Dual Heroes (USA)	jr_ra=1706 spans=1 concentration=1.00 largest=[0x878,0x13baa4)
SINGLE_BANK	Duke Nukem - Zero Hour (France)	jr_ra=1539 spans=1 concentration=1.00 largest=[0x878,0xf4bcc)
SINGLE_BANK	Duke Nukem 64 (France)	jr_ra=1145 spans=1 concentration=1.00 largest=[0x878,0x884f4)
SINGLE_BANK	ECW Hardcore Revolution (USA)	jr_ra=15 spans=1 concentration=1.00 largest=[0x878,0x1644)
SINGLE_BANK	Earthworm Jim 3D (Europe) (En,Fr,De,Es,It)	jr_ra=1358 spans=1 concentration=1.00 largest=[0x878,0xa5b90)
SINGLE_BANK	Excitebike 64 (USA) (Rev A)	jr_ra=211 spans=1 concentration=1.00 largest=[0x86c,0x3ae6c)
SINGLE_BANK	Extreme-G (USA)	jr_ra=8 spans=1 concentration=1.00 largest=[0x878,0x123c)
SINGLE_BANK	F-1 World Grand Prix (France)	jr_ra=771 spans=2 concentration=0.99 largest=[0x878,0xa0568)
SINGLE_BANK	F-1 World Grand Prix II (Europe) (En,Fr,De,Es)	jr_ra=761 spans=2 concentration=1.00 largest=[0x878,0x8645c)
SINGLE_BANK	F-Zero X (USA)	jr_ra=2342 spans=2 concentration=1.00 largest=[0x8b0,0x145b64)
SINGLE_BANK	F1 Pole Position 64 (USA) (En,Fr,De)	jr_ra=2091 spans=1 concentration=1.00 largest=[0x878,0x97844)
SINGLE_BANK	F1 Racing Championship (Europe) (En,Fr,De,Es,It)	jr_ra=1151 spans=1 concentration=1.00 largest=[0x878,0x3b154)
SINGLE_BANK	FIFA - Road to World Cup 98 (USA) (En,Fr,De,Es,It,Nl,Sv)	jr_ra=74 spans=1 concentration=1.00 largest=[0x878,0x4bb4)
SINGLE_BANK	FIFA 99 (USA) (En,Fr,De,Es,It,Nl,Pt,Sv)	jr_ra=277 spans=3 concentration=0.99 largest=[0x878,0x133ac)
SINGLE_BANK	FIFA Soccer 64 (USA) (En,Fr,De)	jr_ra=72 spans=1 concentration=1.00 largest=[0x878,0x4854)
SINGLE_BANK	Fighter Destiny 2 (USA)	jr_ra=1781 spans=1 concentration=1.00 largest=[0x878,0x13b7b8)
SINGLE_BANK	Fighters Destiny (USA)	jr_ra=1648 spans=1 concentration=1.00 largest=[0x878,0x118978)
SINGLE_BANK	Fighting Force 64 (USA)	jr_ra=1599 spans=1 concentration=1.00 largest=[0x878,0xa60e4)
SINGLE_BANK	Flying Dragon (USA)	jr_ra=2475 spans=2 concentration=0.98 largest=[0x878,0x10042c)
SINGLE_BANK	Forsaken 64 (USA)	jr_ra=471 spans=2 concentration=0.99 largest=[0x878,0x22c64)
SINGLE_BANK	Fox Sports College Hoops '99 (USA)	jr_ra=1909 spans=1 concentration=1.00 largest=[0x878,0x8df14)
SINGLE_BANK	Gauntlet Legends (Europe)	jr_ra=20 spans=1 concentration=1.00 largest=[0x878,0x295c)
SINGLE_BANK	Gex 3 - Deep Cover Gecko (Europe) (Fr,De)	jr_ra=5813 spans=1 concentration=1.00 largest=[0x878,0x2518d4)
SINGLE_BANK	Gex 64 - Enter the Gecko (Europe)	jr_ra=2570 spans=1 concentration=1.00 largest=[0x878,0xeee88)
SINGLE_BANK	Glover (USA)	jr_ra=1269 spans=1 concentration=1.00 largest=[0x878,0xd51c4)
SINGLE_BANK	Goemon's Great Adventure (USA)	jr_ra=729 spans=3 concentration=0.99 largest=[0x878,0x26624)
SINGLE_BANK	Harvest Moon 64 (USA)	jr_ra=2006 spans=1 concentration=1.00 largest=[0x878,0xeda50)
SINGLE_BANK	Hercules - The Legendary Journeys (Europe) (En,Fr,De,Es,It,Nl)	jr_ra=1515 spans=1 concentration=1.00 largest=[0x878,0xa9844)
SINGLE_BANK	Hexen (France)	jr_ra=549 spans=1 concentration=1.00 largest=[0x878,0x256ec)
SINGLE_BANK	Hot Wheels - Turbo Racing (USA)	jr_ra=1955 spans=1 concentration=1.00 largest=[0x878,0x90480)
SINGLE_BANK	Hydro Thunder (USA)	jr_ra=2453 spans=1 concentration=1.00 largest=[0x878,0xbc5e4)
SINGLE_BANK	Iggy's Reckin' Balls (USA)	jr_ra=20 spans=1 concentration=1.00 largest=[0x878,0x1f38)
SINGLE_BANK	In-Fisherman - Bass Hunter 64 (USA)	jr_ra=1332 spans=2 concentration=1.00 largest=[0x878,0x6cfa8)
SINGLE_BANK	Indiana Jones and the Infernal Machine (USA)	jr_ra=2796 spans=1 concentration=1.00 largest=[0x878,0x1025d8)
SINGLE_BANK	International Track & Field 2000 (USA)	jr_ra=821 spans=1 concentration=1.00 largest=[0x878,0x37eb4)
SINGLE_BANK	Ken Griffey Jr.'s Slugfest (USA)	jr_ra=102 spans=3 concentration=0.95 largest=[0x86c,0x689c)
SINGLE_BANK	Killer Instinct Gold (USA) (Rev B)	jr_ra=124 spans=1 concentration=1.00 largest=[0x878,0x7150)
SINGLE_BANK	Kirby 64 - The Crystal Shards (Europe)	jr_ra=7181 spans=1 concentration=1.00 largest=[0x86c,0x250554)
SINGLE_BANK	Knockout Kings 2000 (USA)	jr_ra=897 spans=1 concentration=1.00 largest=[0x878,0x2b908)
SINGLE_BANK	Kobe Bryant's NBA Courtside (USA)	jr_ra=974 spans=2 concentration=0.98 largest=[0x649ec,0xdf9b0)
SINGLE_BANK	LEGO Racers (USA) (En,Fr,De,Es,It,Nl,Sv,No,Da,Fi)	jr_ra=6999 spans=1 concentration=1.00 largest=[0x878,0x144a38)
SINGLE_BANK	Lode Runner 3-D (USA)	jr_ra=2078 spans=2 concentration=1.00 largest=[0x878,0x9c3a4)
SINGLE_BANK	Lylat Wars (Europe) (En,Fr,De)	jr_ra=1830 spans=2 concentration=0.99 largest=[0x854,0xc49e8)
SINGLE_BANK	MRC - Multi Racing Championship (USA)	jr_ra=1608 spans=2 concentration=0.99 largest=[0x878,0x132ebc)
SINGLE_BANK	Mace - The Dark Age (USA)	jr_ra=2502 spans=1 concentration=1.00 largest=[0x878,0x7d270)
SINGLE_BANK	Madden Football 64 (USA)	jr_ra=11 spans=1 concentration=1.00 largest=[0x878,0x1280)
SINGLE_BANK	Magical Tetris Challenge (USA)	jr_ra=1326 spans=1 concentration=1.00 largest=[0x878,0x79d60)
SINGLE_BANK	Mario Golf (Europe)	jr_ra=2089 spans=1 concentration=1.00 largest=[0x878,0x17183c)
SINGLE_BANK	Mario Kart 64 (Europe) (Rev A)	jr_ra=3552 spans=1 concentration=1.00 largest=[0x878,0x128594)
SINGLE_BANK	Mario Party (Europe) (En,Fr,De)	jr_ra=7346 spans=1 concentration=1.00 largest=[0x878,0x335820)
SINGLE_BANK	Mario Party 2 (Europe) (En,Fr,De,Es,It)	jr_ra=8616 spans=1 concentration=1.00 largest=[0x878,0x41f1bc)
SINGLE_BANK	Mario Party 3 (Europe) (En,Fr,De,Es)	jr_ra=11794 spans=1 concentration=1.00 largest=[0x878,0x559da0)
SINGLE_BANK	Mario Tennis (Europe)	jr_ra=10 spans=1 concentration=1.00 largest=[0x878,0x133c)
SINGLE_BANK	Mega Man 64 (USA)	jr_ra=10221 spans=1 concentration=1.00 largest=[0x878,0x2cabe4)
SINGLE_BANK	Mia Hamm Soccer 64 (USA) (En,Es)	jr_ra=2270 spans=1 concentration=1.00 largest=[0x878,0x1003ec)
SINGLE_BANK	Micro Machines 64 Turbo (USA)	jr_ra=2080 spans=1 concentration=1.00 largest=[0x878,0xd58cc)
SINGLE_BANK	Midway's Greatest Arcade Hits - Volume 1 (USA)	jr_ra=835 spans=1 concentration=1.00 largest=[0x878,0x685f4)
SINGLE_BANK	Mike Piazza's StrikeZone (USA)	jr_ra=2424 spans=1 concentration=1.00 largest=[0x878,0xac3c4)
SINGLE_BANK	Milo's Astro Lanes (USA)	jr_ra=1661 spans=1 concentration=1.00 largest=[0x878,0x6d374)
SINGLE_BANK	Mission Impossible (France)	jr_ra=1719 spans=1 concentration=1.00 largest=[0x878,0x864c4)
SINGLE_BANK	Monaco Grand Prix (USA)	jr_ra=1214 spans=2 concentration=1.00 largest=[0x878,0x3c288)
SINGLE_BANK	Monster Truck Madness 64 (USA)	jr_ra=259 spans=1 concentration=1.00 largest=[0x878,0x73350)
SINGLE_BANK	Mortal Kombat 4 (USA)	jr_ra=5268 spans=1 concentration=1.00 largest=[0x878,0xf7358)
SINGLE_BANK	Mortal Kombat Mythologies - Sub-Zero (USA)	jr_ra=2521 spans=1 concentration=1.00 largest=[0x878,0xe5e10)
SINGLE_BANK	Mortal Kombat Trilogy (USA) (Rev A)	jr_ra=4100 spans=3 concentration=0.96 largest=[0x878,0xa0754)
SINGLE_BANK	Ms. Pac-Man - Maze Madness (USA)	jr_ra=11 spans=1 concentration=1.00 largest=[0x878,0x12a0)
SINGLE_BANK	NASCAR 2000 (USA)	jr_ra=1673 spans=1 concentration=1.00 largest=[0x878,0xe8820)
SINGLE_BANK	NASCAR 99 (USA)	jr_ra=1612 spans=1 concentration=1.00 largest=[0x878,0xe32e0)
SINGLE_BANK	NBA Courtside 2 featuring Kobe Bryant (USA)	jr_ra=2263 spans=1 concentration=1.00 largest=[0x878,0xf656c)
SINGLE_BANK	NBA Hangtime (USA)	jr_ra=2547 spans=1 concentration=1.00 largest=[0x878,0x7a2d4)
SINGLE_BANK	NBA Jam 99 (USA)	jr_ra=90 spans=1 concentration=1.00 largest=[0x878,0xb26fc)
SINGLE_BANK	NBA Live 2000 (USA) (En,Fr,De,Es)	jr_ra=2358 spans=2 concentration=1.00 largest=[0x878,0xccf60)
SINGLE_BANK	NBA Live 99 (USA) (En,Fr,De,Es,It)	jr_ra=3734 spans=1 concentration=1.00 largest=[0x878,0x12bc50)
SINGLE_BANK	NBA Showtime - NBA on NBC (USA)	jr_ra=1939 spans=1 concentration=1.00 largest=[0x878,0x100b58)
SINGLE_BANK	NBA in the Zone '98 (USA)	jr_ra=3404 spans=2 concentration=0.98 largest=[0x878,0xdc8b4)
SINGLE_BANK	NHL 99 (USA)	jr_ra=39 spans=1 concentration=1.00 largest=[0x878,0x5220)
SINGLE_BANK	NHL Blades of Steel '99 (USA)	jr_ra=7172 spans=1 concentration=1.00 largest=[0x878,0x16d79c)
SINGLE_BANK	NHL Breakaway 98 (USA)	jr_ra=1513 spans=1 concentration=1.00 largest=[0x878,0x63cf4)
SINGLE_BANK	NHL Breakaway 99 (USA)	jr_ra=1490 spans=1 concentration=1.00 largest=[0x878,0x62b34)
SINGLE_BANK	Nagano Winter Olympics '98 (USA)	jr_ra=2461 spans=1 concentration=1.00 largest=[0x878,0xeec90)
SINGLE_BANK	Namco Museum 64 (USA)	jr_ra=1915 spans=1 concentration=1.00 largest=[0x878,0x997bc)
SINGLE_BANK	New Tetris, The (USA)	jr_ra=1658 spans=1 concentration=1.00 largest=[0x878,0x8ab44)
SINGLE_BANK	Nightmare Creatures (USA)	jr_ra=1454 spans=1 concentration=1.00 largest=[0x878,0x9495c)
SINGLE_BANK	Nuclear Strike 64 (USA)	jr_ra=2452 spans=1 concentration=1.00 largest=[0x878,0x9f21c)
SINGLE_BANK	Ogre Battle 64 - Person of Lordly Caliber (USA) (Rev A)	jr_ra=5071 spans=1 concentration=1.00 largest=[0x878,0x2b8980)
SINGLE_BANK	Olympic Hockey 98 (USA)	jr_ra=2090 spans=1 concentration=1.00 largest=[0x878,0xcc5a0)
SINGLE_BANK	PGA European Tour (USA)	jr_ra=1740 spans=1 concentration=1.00 largest=[0x878,0xb05fc)
SINGLE_BANK	Paperboy (USA)	jr_ra=6258 spans=2 concentration=1.00 largest=[0x878,0x1104d8)
SINGLE_BANK	Penny Racers (USA)	jr_ra=1334 spans=1 concentration=1.00 largest=[0x878,0x10fe90)
SINGLE_BANK	Pilotwings 64 (Europe) (En,Fr,De)	jr_ra=2300 spans=2 concentration=1.00 largest=[0x878,0xd72fc)
SINGLE_BANK	Pokemon Puzzle League (France)	jr_ra=1432 spans=1 concentration=1.00 largest=[0x878,0xb2e80)
SINGLE_BANK	Pokemon Stadium 2 (France)	jr_ra=13344 spans=2 concentration=0.99 largest=[0x86c,0x4380ac)
SINGLE_BANK	Polaris SnoCross (USA)	jr_ra=2042 spans=1 concentration=1.00 largest=[0x878,0x88204)
SINGLE_BANK	Power Rangers - Lightspeed Rescue (USA)	jr_ra=901 spans=1 concentration=1.00 largest=[0x878,0x63010)
SINGLE_BANK	Powerpuff Girls, The - Chemical X-Traction (USA)	jr_ra=1210 spans=1 concentration=1.00 largest=[0x878,0x89fa0)
SINGLE_BANK	Puyo Puyo 4 - Puyo Puyon Party (Japan)	jr_ra=1817 spans=1 concentration=1.00 largest=[0x878,0xd95a4)
SINGLE_BANK	Quake 64 (USA)	jr_ra=1826 spans=1 concentration=1.00 largest=[0x878,0x6b264)
SINGLE_BANK	Quake II (USA)	jr_ra=1490 spans=1 concentration=1.00 largest=[0x878,0x64404)
SINGLE_BANK	Rally Challenge 2000 (USA)	jr_ra=1272 spans=1 concentration=1.00 largest=[0x878,0x8b3e4)
SINGLE_BANK	Rampage 2 - Universal Tour (USA)	jr_ra=2946 spans=1 concentration=1.00 largest=[0x878,0x80794)
SINGLE_BANK	Rat Attack! (USA) (En,Fr,De,Es,It,Nl)	jr_ra=1934 spans=1 concentration=1.00 largest=[0x878,0xb43ec)
SINGLE_BANK	Rayman 2 - The Great Escape (USA) (En,Fr,De,Es,It)	jr_ra=3308 spans=1 concentration=1.00 largest=[0x878,0xd00ec)
SINGLE_BANK	Razmoket, Les - La Chasse aux Tresors (France)	jr_ra=1354 spans=1 concentration=1.00 largest=[0x878,0x5a4ec)
SINGLE_BANK	Razor Freestyle Scooter (USA)	jr_ra=1593 spans=1 concentration=1.00 largest=[0x878,0x83dd0)
SINGLE_BANK	Re-Volt (USA)	jr_ra=2223 spans=1 concentration=1.00 largest=[0x878,0xc27b8)
SINGLE_BANK	Ready 2 Rumble Boxing (Europe) (En,Fr,De)	jr_ra=1865 spans=1 concentration=1.00 largest=[0x878,0x82594)
SINGLE_BANK	Ready 2 Rumble Boxing (USA)	jr_ra=1866 spans=1 concentration=1.00 largest=[0x878,0x832d4)
SINGLE_BANK	Resident Evil 2 (Europe) (En,Fr)	jr_ra=248 spans=1 concentration=1.00 largest=[0x878,0x1211c)
SINGLE_BANK	Road Rash 64 (USA)	jr_ra=1680 spans=1 concentration=1.00 largest=[0x878,0x9d738)
SINGLE_BANK	Robotron 64 (USA)	jr_ra=1658 spans=1 concentration=1.00 largest=[0x878,0x72a64)
SINGLE_BANK	Rocket - Robot on Wheels (USA)	jr_ra=2023 spans=1 concentration=1.00 largest=[0x878,0x9fc5c)
SINGLE_BANK	Rugrats in Paris - The Movie (Europe)	jr_ra=1890 spans=1 concentration=1.00 largest=[0x878,0xa51e0)
SINGLE_BANK	Rush 2 - Extreme Racing USA (USA)	jr_ra=400 spans=1 concentration=1.00 largest=[0x878,0x1b3f0)
SINGLE_BANK	S.C.A.R.S. (USA)	jr_ra=906 spans=1 concentration=1.00 largest=[0x878,0xb6928)
SINGLE_BANK	SD Hiryuu no Ken Densetsu (Japan)	jr_ra=2266 spans=2 concentration=0.98 largest=[0x878,0x10a338)
SINGLE_BANK	San Francisco Rush - Extreme Racing (USA) (En,Fr,De) (Rev A)	jr_ra=398 spans=1 concentration=1.00 largest=[0x878,0x1a580)
SINGLE_BANK	San Francisco Rush 2049 (USA)	jr_ra=797 spans=1 concentration=1.00 largest=[0x878,0x2d1f4)
SINGLE_BANK	Scooby-Doo! - Classic Creep Capers (Europe)	jr_ra=976 spans=1 concentration=1.00 largest=[0x878,0x4c3a4)
SINGLE_BANK	Shadowgate 64 - Trials of the Four Towers (Europe) (Fr,De,Nl)	jr_ra=1506 spans=1 concentration=1.00 largest=[0x878,0x7cf50)
SINGLE_BANK	Snowboard Kids (USA)	jr_ra=2294 spans=1 concentration=1.00 largest=[0x878,0xb3890)
SINGLE_BANK	South Park (Europe) (En,Fr,Es)	jr_ra=3189 spans=1 concentration=1.00 largest=[0x878,0xe2ef8)
SINGLE_BANK	South Park Rally (Europe)	jr_ra=1937 spans=1 concentration=1.00 largest=[0x878,0xaff50)
SINGLE_BANK	Space Invaders (USA)	jr_ra=1572 spans=1 concentration=1.00 largest=[0x878,0x6dc44)
SINGLE_BANK	Spider-Man (USA)	jr_ra=273 spans=1 concentration=1.00 largest=[0x878,0x63730)
SINGLE_BANK	Star Soldier - Vanishing Earth (USA)	jr_ra=1648 spans=1 concentration=1.00 largest=[0x878,0x6fa20)
SINGLE_BANK	Star Wars - Rogue Squadron (Europe) (En,Fr,De) (Rev A)	jr_ra=2720 spans=1 concentration=1.00 largest=[0x878,0x1334c8)
SINGLE_BANK	Star Wars - Shadows of the Empire (Europe)	jr_ra=13 spans=1 concentration=1.00 largest=[0x878,0x1e60)
SINGLE_BANK	Star Wars Episode I - Battle for Naboo (Europe)	jr_ra=2706 spans=1 concentration=1.00 largest=[0x878,0x1496d8)
SINGLE_BANK	Star Wars Episode I - Racer (Europe) (En,Fr,De)	jr_ra=1617 spans=1 concentration=1.00 largest=[0x878,0x9f6f4)
SINGLE_BANK	StarCraft 64 (USA)	jr_ra=4548 spans=1 concentration=1.00 largest=[0x878,0x12ca04)
SINGLE_BANK	Starshot - Space Circus Fever (USA) (En,Fr,Es)	jr_ra=1716 spans=1 concentration=1.00 largest=[0x878,0x93450)
SINGLE_BANK	Stunt Racer 64 (USA)	jr_ra=1788 spans=1 concentration=1.00 largest=[0x878,0xa6ee4)
SINGLE_BANK	Super Bowling (USA)	jr_ra=885 spans=1 concentration=1.00 largest=[0x878,0x6dbc0)
SINGLE_BANK	Super Smash Bros. (Europe) (En,Fr,De)	jr_ra=10993 spans=2 concentration=1.00 largest=[0x86c,0x262970)
SINGLE_BANK	Supercross 2000 (USA)	jr_ra=40 spans=1 concentration=1.00 largest=[0x878,0x5edc)
SINGLE_BANK	Superman (Europe) (En,Fr,De,Es,It,Nl)	jr_ra=1164 spans=2 concentration=0.98 largest=[0x878,0xf40f8)
SINGLE_BANK	Tarzan (France)	jr_ra=3006 spans=1 concentration=1.00 largest=[0x878,0x14b5f4)
SINGLE_BANK	Taz Express (Europe) (En,Fr,De,Es,It,Nl)	jr_ra=1482 spans=1 concentration=1.00 largest=[0x878,0x8fe00)
SINGLE_BANK	Tetrisphere (USA)	jr_ra=1139 spans=1 concentration=1.00 largest=[0x878,0xb9cd4)
SINGLE_BANK	Tigger's Honey Hunt (USA)	jr_ra=2412 spans=2 concentration=1.00 largest=[0x878,0x9c584)
SINGLE_BANK	Tom Clancy's Rainbow Six (France)	jr_ra=2017 spans=1 concentration=1.00 largest=[0x878,0x7bf3c)
SINGLE_BANK	Tom and Jerry in Fists of Furry (Europe) (En,Fr,De,Es,It,Nl)	jr_ra=1201 spans=1 concentration=1.00 largest=[0x878,0x873e0)
SINGLE_BANK	Tonic Trouble (Europe) (En,Fr,De,Es,It)	jr_ra=4933 spans=1 concentration=1.00 largest=[0x878,0xed1c0)
SINGLE_BANK	Tony Hawk's Pro Skater (USA) (Rev A)	jr_ra=273 spans=1 concentration=1.00 largest=[0x878,0x2f4b0)
SINGLE_BANK	Tony Hawk's Pro Skater 2 (USA)	jr_ra=274 spans=1 concentration=1.00 largest=[0x878,0x49f0c)
SINGLE_BANK	Tony Hawk's Pro Skater 3 (USA)	jr_ra=274 spans=1 concentration=1.00 largest=[0x878,0x716e8)
SINGLE_BANK	Top Gear Hyper-Bike (USA)	jr_ra=1066 spans=1 concentration=1.00 largest=[0x878,0x9c8f4)
SINGLE_BANK	Top Gear Overdrive (USA)	jr_ra=688 spans=1 concentration=1.00 largest=[0x878,0x522e8)
SINGLE_BANK	Top Gear Rally (USA)	jr_ra=882 spans=1 concentration=1.00 largest=[0x878,0x70aa0)
SINGLE_BANK	Top Gear Rally 2 (USA)	jr_ra=1593 spans=1 concentration=1.00 largest=[0x878,0xaba50)
SINGLE_BANK	Toy Story 2 - Buzz l'Eclair a la Rescousse! (France)	jr_ra=1196 spans=1 concentration=1.00 largest=[0x878,0xd9094)
SINGLE_BANK	Triple Play 2000 (USA)	jr_ra=3447 spans=1 concentration=1.00 largest=[0x878,0x1730f4)
SINGLE_BANK	Turok - Dinosaur Hunter (Europe) (Rev A)	jr_ra=20 spans=1 concentration=1.00 largest=[0x878,0x1eb0)
SINGLE_BANK	Turok - Rage Wars (Europe) (En,Fr,It)	jr_ra=6470 spans=1 concentration=1.00 largest=[0x878,0x1f4ef0)
SINGLE_BANK	Turok 3 - Shadow of Oblivion (Europe)	jr_ra=4704 spans=1 concentration=1.00 largest=[0x878,0x1636c8)
SINGLE_BANK	Twisted Edge - Extreme Snowboarding (USA)	jr_ra=1388 spans=1 concentration=1.00 largest=[0x878,0xb94c4)
SINGLE_BANK	V-Rally Edition 99 (Europe) (En,Fr,De)	jr_ra=2156 spans=1 concentration=1.00 largest=[0x878,0x9b310)
SINGLE_BANK	Vigilante 8 (France)	jr_ra=1192 spans=1 concentration=1.00 largest=[0x878,0x50e00)
SINGLE_BANK	Vigilante 8 - 2nd Offense (USA)	jr_ra=1303 spans=1 concentration=1.00 largest=[0x878,0x592ac)
SINGLE_BANK	Virtual Pool 64 (USA)	jr_ra=1886 spans=1 concentration=1.00 largest=[0x878,0xa05c4)
SINGLE_BANK	Virtual Pro Wrestling 2 - Oudou Keishou (Japan)	jr_ra=2539 spans=1 concentration=1.00 largest=[0x878,0x14bc94)
SINGLE_BANK	WCW Backstage Assault (USA)	jr_ra=822 spans=2 concentration=1.00 largest=[0x878,0x3b2d4)
SINGLE_BANK	WCW Nitro (USA)	jr_ra=846 spans=1 concentration=1.00 largest=[0x878,0x82eb8)
SINGLE_BANK	WCW-nWo Revenge (USA)	jr_ra=1720 spans=1 concentration=1.00 largest=[0x878,0xd5fa8)
SINGLE_BANK	WWF Attitude (USA)	jr_ra=15 spans=1 concentration=1.00 largest=[0x878,0x1644)
SINGLE_BANK	WWF No Mercy (USA) (Rev A)	jr_ra=3495 spans=1 concentration=1.00 largest=[0x878,0x1af8e8)
SINGLE_BANK	WWF War Zone (USA)	jr_ra=15 spans=1 concentration=1.00 largest=[0x878,0x16c4)
SINGLE_BANK	WWF WrestleMania 2000 (USA)	jr_ra=2484 spans=1 concentration=1.00 largest=[0x878,0x13d1c8)
SINGLE_BANK	Waialae Country Club - True Golf Classics (USA) (Rev A)	jr_ra=1509 spans=1 concentration=1.00 largest=[0x878,0xb4a8c)
SINGLE_BANK	War Gods (Europe)	jr_ra=2516 spans=1 concentration=1.00 largest=[0x878,0xa0594)
SINGLE_BANK	Wayne Gretzky's 3D Hockey '98 (USA)	jr_ra=1692 spans=1 concentration=1.00 largest=[0x878,0xc6834)
SINGLE_BANK	Wayne Gretzky's 3D Hockey (USA) (Rev A)	jr_ra=1747 spans=1 concentration=1.00 largest=[0x878,0x9c7e4)
SINGLE_BANK	Wetrix (USA) (En,Fr,De,Es,It,Nl)	jr_ra=899 spans=1 concentration=1.00 largest=[0x878,0x648f4)
SINGLE_BANK	WinBack - Covert Operations (USA)	jr_ra=2089 spans=1 concentration=1.00 largest=[0x878,0xdde48)
SINGLE_BANK	Wipeout 64 (Europe)	jr_ra=1015 spans=1 concentration=1.00 largest=[0x878,0x886a4)
SINGLE_BANK	World Cup 98 (USA) (En,Fr,De,Es,It,Nl,Sv,Da)	jr_ra=302 spans=3 concentration=0.99 largest=[0x878,0x14480)
SINGLE_BANK	World Driver Championship (USA)	jr_ra=1793 spans=1 concentration=1.00 largest=[0x878,0x7e2b4)
SINGLE_BANK	Worms Armageddon (USA) (En,Fr,Es)	jr_ra=4468 spans=1 concentration=1.00 largest=[0x878,0x13430c)
SINGLE_BANK	Xena - Warrior Princess - The Talisman of Fate (Europe)	jr_ra=2220 spans=1 concentration=1.00 largest=[0x878,0x8e978)
